{"cameraMode":{"drawMode":0,"name":"Shaded","section":"Shading Mode"},"sceneLighting":true,"audioPlay":false,"sceneViewState":{"showFog":false,"showMaterialUpdate":false,"showSkybox":false,"showFlares":false,"showImageEffects":false,"showParticleSystems":false},"in2DMode":false,"pivot":{"x":-0.8555669784545898,"y":1.7896499633789063,"z":-0.2719259262084961},"rotation":{"x":0.4096657633781433,"y":-0.32038646936416628,"z":0.15630769729614259,"w":0.8396990299224854},"size":14.686573028564454,"orthographic":false}